{
  "selected_model": "Logistic Regression",
  "threshold": 0.45,
  "roc_auc": 0.9753441463259193,
  "accuracy": 0.9077134986225895,
  "precision": 0.8401253918495298,
  "recall": 0.9436619718309859,
  "f1_score": 0.8888888888888888,
  "confusion_matrix": [
    [
      391,
      51
    ],
    [
      16,
      268
    ]
  ]
}