{
  "selected_model": "Logistic Regression",
  "threshold": 0.45,
  "roc_auc": 0.9314522743783834,
  "accuracy": 0.864406779661017,
  "precision": 0.7546583850931677,
  "recall": 0.8556338028169014,
  "f1_score": 0.801980198019802,
  "confusion_matrix": [
    [
      522,
      79
    ],
    [
      41,
      243
    ]
  ]
}